Site,PullDate,ValidDate,ValidHoure,Mean,Min,Max,model1,model2,model3,model4,model5,model6,model7,model8,model9,model10,model11,model12,model13,model14,model15,model16,model17,model18,model19,model20,model21,model22,model23,model24,model25,model26,model27,model28,model29,model30,model31,model32,model33,model34,model35,model36,model37,model38,model39,model40,model41,model42,model43,model44,model45,model46,model47,model48,model49,model50,average
Cranwell,2022-05-26,2022-05-26,00:00:00,None,None,None,None,None
Cranwell,2022-05-26,2022-05-26,01:00:00,None,None,None,None,None
Cranwell,2022-05-26,2022-05-26,02:00:00,None,None,None,None,None
Cranwell,2022-05-26,2022-05-26,03:00:00,None,None,None,None,None
Cranwell,2022-05-26,2022-05-26,04:00:00,None,None,None,None,None
Cranwell,2022-05-26,2022-05-26,05:00:00,None,None,None,None,None
Cranwell,2022-05-26,2022-05-26,06:00:00,12.528,11.9,13.4,12.2,12.2,13.4,13,12.8,12.5,12.2,12.5,12.7,12.1,12.3,12.2,12,12.7,13.1,12.3,12.3,12.4,12.5,12.7,13,12.4,12.6,12.7,12.5,11.9,13,12.6,12.4,12.8,12.6,12.2,12.7,12.1,13.1,12.7,12.6,13,12.5,12.2,12.3,12.6,12.2,13,12.5,12.4,12.7,12.4,12.2,12.4,12.5
Cranwell,2022-05-26,2022-05-26,07:00:00,None,None,None,None,None
Cranwell,2022-05-26,2022-05-26,08:00:00,None,None,None,None,None
Cranwell,2022-05-26,2022-05-26,09:00:00,None,None,None,None,None
Cranwell,2022-05-26,2022-05-26,10:00:00,None,None,None,None,None
Cranwell,2022-05-26,2022-05-26,11:00:00,None,None,None,None,None
Cranwell,2022-05-26,2022-05-26,12:00:00,17.834,16.9,18.7,18.1,17.5,17.8,18,17.8,18.7,17.3,17.5,18.3,17.9,17.2,17.2,16.9,18.3,18.2,18,17.7,18,17.8,18,17.1,17.5,17.8,18.3,17.9,18,17.6,18.5,17.7,18.1,17.3,17.1,18.4,17.9,18.1,18,17.8,18.3,17.8,16.9,17.3,18,18.1,18.3,17.4,18.6,18.2,17.9,18,17.6,17.8
Cranwell,2022-05-26,2022-05-26,13:00:00,None,None,None,None,None
Cranwell,2022-05-26,2022-05-26,14:00:00,None,None,None,None,None
Cranwell,2022-05-26,2022-05-26,15:00:00,None,None,None,None,None
Cranwell,2022-05-26,2022-05-26,16:00:00,None,None,None,None,None
Cranwell,2022-05-26,2022-05-26,17:00:00,None,None,None,None,None
Cranwell,2022-05-26,2022-05-26,18:00:00,18.4,17.3,19.7,18.6,18.8,18.2,18.2,19.7,19.3,18.5,17.9,19.1,19.3,18.1,18.4,17.4,18.6,18.4,18.3,18.4,18.4,18.3,18.1,17.4,18.2,17.9,18.4,18.4,18.4,17.9,18.6,17.9,19,18.1,17.9,18.5,19.3,19.3,18.3,18,19.2,18.4,18.8,17.3,17.6,18.5,18.4,18.2,18.5,18.8,18.5,18.3,18,18.4
Cranwell,2022-05-26,2022-05-26,19:00:00,None,None,None,None,None
Cranwell,2022-05-26,2022-05-26,20:00:00,None,None,None,None,None
Cranwell,2022-05-26,2022-05-26,21:00:00,None,None,None,None,None
Cranwell,2022-05-26,2022-05-26,22:00:00,None,None,None,None,None
Cranwell,2022-05-26,2022-05-26,23:00:00,None,None,None,None,None
Cranwell,2022-05-26,2022-05-27,00:00:00,16.532,14.2,18.4,16.6,15.9,17.3,16.9,18.4,17.8,16.4,17.3,17.2,17.2,16.5,16.9,15.3,17.1,17.1,16.9,15.9,16.3,17.2,16.5,15.6,17.2,14.2,17.1,16.8,17.1,16.3,15.7,16.7,15.4,16.3,14.2,16,17.7,16.9,16.7,16.5,16.9,16.3,17,15.5,16.9,15.4,15.7,16.6,15.4,16.9,16.8,16.9,17.2,16.5
Cranwell,2022-05-26,2022-05-27,01:00:00,None,None,None,None,None
Cranwell,2022-05-26,2022-05-27,02:00:00,None,None,None,None,None
Cranwell,2022-05-26,2022-05-27,03:00:00,None,None,None,None,None
Cranwell,2022-05-26,2022-05-27,04:00:00,None,None,None,None,None
Cranwell,2022-05-26,2022-05-27,05:00:00,None,None,None,None,None
Cranwell,2022-05-26,2022-05-27,06:00:00,11.346,9.2,13.2,10.8,10.8,12.4,12.1,13,12.6,10.8,13,12.6,11.9,11,11.8,9.2,11.1,11.7,11.6,11.7,9.8,12,10.6,9.8,9.9,9.9,11.1,10.9,12.1,11.6,12.6,11.3,9.9,10.5,10.5,10.8,11.7,12,12.1,11.1,10.9,11,12.2,10.3,11.7,11,10.7,13.2,11.3,11.7,11.4,11.5,12.1,11.3
Cranwell,2022-05-26,2022-05-27,07:00:00,None,None,None,None,None
Cranwell,2022-05-26,2022-05-27,08:00:00,None,None,None,None,None
Cranwell,2022-05-26,2022-05-27,09:00:00,None,None,None,None,None
Cranwell,2022-05-26,2022-05-27,10:00:00,None,None,None,None,None
Cranwell,2022-05-26,2022-05-27,11:00:00,None,None,None,None,None
Cranwell,2022-05-26,2022-05-27,12:00:00,15.486,14.3,16.7,15.1,15.2,15.5,16.1,16.5,16.5,14.8,15.5,15.2,16,15,16.1,14.9,15.9,15.8,15.1,15.2,15.6,15,15.7,15.2,16.3,14.7,15.3,14.3,14.9,15.9,15.6,15.5,16.1,15.6,15.8,14.7,15.2,16.1,15.7,14.6,16,15.6,15.2,15.3,15.3,15.5,14.6,15.9,15.9,16.7,15.2,15.8,15.1,15.5
Cranwell,2022-05-26,2022-05-27,13:00:00,None,None,None,None,None
Cranwell,2022-05-26,2022-05-27,14:00:00,None,None,None,None,None
Cranwell,2022-05-26,2022-05-27,15:00:00,None,None,None,None,None
Cranwell,2022-05-26,2022-05-27,16:00:00,None,None,None,None,None
Cranwell,2022-05-26,2022-05-27,17:00:00,None,None,None,None,None
Cranwell,2022-05-26,2022-05-27,18:00:00,16.074,14.9,17.4,15.4,15.4,16,16.7,17.1,17.4,15.8,15.7,16.1,16.3,15.7,16.4,15.6,16,16.9,15.8,15.7,16.7,16.1,16.5,15.3,16.5,15.3,15.9,15.1,15.7,16.4,16.6,16.1,16.5,16.1,16.7,15.7,15.3,16.6,16,15.5,16.3,16.3,15.5,15.7,15.8,16.3,14.9,16.5,16.3,17.3,15.6,16.6,16,16.1
Cranwell,2022-05-26,2022-05-27,19:00:00,None,None,None,None,None
Cranwell,2022-05-26,2022-05-27,20:00:00,None,None,None,None,None
Cranwell,2022-05-26,2022-05-27,21:00:00,None,None,None,None,None
Cranwell,2022-05-26,2022-05-27,22:00:00,None,None,None,None,None
Cranwell,2022-05-26,2022-05-27,23:00:00,None,None,None,None,None
Cranwell,2022-05-26,2022-05-28,00:00:00,14.022,12.1,15.3,13.2,12.7,13.2,14.4,14.6,15.3,14.2,13.3,14.3,14,13.8,15.1,13.8,13.4,13.7,14.3,14.4,14.4,14.4,13.8,13.1,14,13.8,13.9,12.1,14.1,14.4,14.4,13.9,13.7,14.2,14.5,14.2,14,15,14,14.1,14.5,14,13.4,14.2,14.2,13.8,12.6,15.1,14,15.2,13.4,14.8,14.2,14.0
Cranwell,2022-05-26,2022-05-28,01:00:00,None,None,None,None,None
Cranwell,2022-05-26,2022-05-28,02:00:00,None,None,None,None,None
Cranwell,2022-05-26,2022-05-28,03:00:00,None,None,None,None,None
Cranwell,2022-05-26,2022-05-28,04:00:00,None,None,None,None,None
Cranwell,2022-05-26,2022-05-28,05:00:00,None,None,None,None,None
Cranwell,2022-05-26,2022-05-28,06:00:00,9.244,8.3,9.9,8.9,8.9,8.7,9.6,9.6,9.5,9.5,9.1,9.6,9.1,9.3,9.6,9.4,9,9,9.6,9.4,9.3,9.6,9.1,8.6,8.9,9.5,8.7,8.3,9.4,9,9.3,9.2,8.7,9.6,9.5,9.3,9,9.9,9.3,9.2,9.5,9.5,8.8,9.3,9.1,9.5,8.6,9.9,9.4,9.8,9,9.2,9.4,9.2
Cranwell,2022-05-26,2022-05-28,07:00:00,None,None,None,None,None
Cranwell,2022-05-26,2022-05-28,08:00:00,None,None,None,None,None
Cranwell,2022-05-26,2022-05-28,09:00:00,None,None,None,None,None
Cranwell,2022-05-26,2022-05-28,10:00:00,None,None,None,None,None
Cranwell,2022-05-26,2022-05-28,11:00:00,None,None,None,None,None
Cranwell,2022-05-26,2022-05-28,12:00:00,14.552,13.4,15.6,14.4,13.5,13.4,14.8,15.2,14.7,14.1,14.9,14.1,14.7,14.4,13.8,15,14.2,14.7,15.1,15,14.8,14.8,15.1,14,14.6,13.4,13.9,14.5,14.7,14,13.7,14.5,14.7,15.1,15,14.4,14.8,13.8,14.5,14.6,14.6,14.8,14.4,14,14.6,14.5,14.4,15.5,14.4,15.5,15.6,14.8,15.6,14.6
Cranwell,2022-05-26,2022-05-28,13:00:00,None,None,None,None,None
Cranwell,2022-05-26,2022-05-28,14:00:00,None,None,None,None,None
Cranwell,2022-05-26,2022-05-28,15:00:00,None,None,None,None,None
Cranwell,2022-05-26,2022-05-28,16:00:00,None,None,None,None,None
Cranwell,2022-05-26,2022-05-28,17:00:00,None,None,None,None,None
Cranwell,2022-05-26,2022-05-28,18:00:00,15.192,13.7,16.4,15.2,13.7,14,15.5,15.4,15.4,14.8,15.6,14.7,15.4,15.2,14.2,15.7,14.6,15,15.7,15.9,15.5,15.3,16,14.6,15.4,13.8,14.9,15.1,16,14.5,14.5,15.3,15.4,15.7,15.8,15.1,15.5,14.1,15.6,15.6,15.4,15.5,15.7,14.2,14.9,14.6,14.9,16.2,14.4,16.3,16.4,15.7,15.7,15.2
Cranwell,2022-05-26,2022-05-28,19:00:00,None,None,None,None,None
Cranwell,2022-05-26,2022-05-28,20:00:00,None,None,None,None,None
Cranwell,2022-05-26,2022-05-28,21:00:00,None,None,None,None,None
Cranwell,2022-05-26,2022-05-28,22:00:00,None,None,None,None,None
Cranwell,2022-05-26,2022-05-28,23:00:00,None,None,None,None,None
Cranwell,2022-05-26,2022-05-29,00:00:00,13.044,10.9,14.4,13.2,11.7,12.1,13.4,13.2,13.5,13.3,13.2,12.8,13,13.5,12.3,13.7,13,13.5,12.5,13,13.2,12.2,13,13.1,13.2,12.7,13.9,13.6,13,12.3,12.5,13.4,12.8,13.9,12.8,13.4,13.7,10.9,13.5,13.7,14.3,13.1,14,11.6,12.7,13.5,13.2,14.4,11.5,13,12,13.5,13.7,13.0
Cranwell,2022-05-26,2022-05-29,01:00:00,None,None,None,None,None
Cranwell,2022-05-26,2022-05-29,02:00:00,None,None,None,None,None
Cranwell,2022-05-26,2022-05-29,03:00:00,None,None,None,None,None
Cranwell,2022-05-26,2022-05-29,04:00:00,None,None,None,None,None
Cranwell,2022-05-26,2022-05-29,05:00:00,None,None,None,None,None
Cranwell,2022-05-26,2022-05-29,06:00:00,8.62,6.5,10.3,8.5,6.5,7.9,9.2,9.4,8.5,8.1,9.7,8.8,8.7,8.6,9.3,8.5,8.5,8.6,9.4,8.5,9,8.8,9.1,8.6,8.5,7.8,8.4,8.1,9.3,7.8,8.2,8.4,9,8.6,9.5,9.5,8.6,8.7,8.8,8.8,8,8.2,8.5,7.6,8.8,8.6,8,8.5,8.5,10.3,8.4,8.5,8.9,8.6
Cranwell,2022-05-26,2022-05-29,07:00:00,None,None,None,None,None
Cranwell,2022-05-26,2022-05-29,08:00:00,None,None,None,None,None
Cranwell,2022-05-26,2022-05-29,09:00:00,None,None,None,None,None
Cranwell,2022-05-26,2022-05-29,10:00:00,None,None,None,None,None
Cranwell,2022-05-26,2022-05-29,11:00:00,None,None,None,None,None
Cranwell,2022-05-26,2022-05-29,12:00:00,11.176,9.6,13.2,10.5,9.6,10.1,10.6,10.5,12.4,10.6,11.8,11.2,10,11.3,11.7,9.8,10.5,11.2,10.6,11.4,11.3,11.4,10.8,12,12.8,10.9,12,11.1,11.7,10.1,11.5,10.3,12.1,11.9,11.1,12.3,11.9,10,12.2,10.9,10.7,10.3,12.1,9.9,11.6,11.9,10.8,11.7,11,13.2,10,11.3,12.2,11.2
Cranwell,2022-05-26,2022-05-29,13:00:00,None,None,None,None,None
Cranwell,2022-05-26,2022-05-29,14:00:00,None,None,None,None,None
Cranwell,2022-05-26,2022-05-29,15:00:00,None,None,None,None,None
Cranwell,2022-05-26,2022-05-29,16:00:00,None,None,None,None,None
Cranwell,2022-05-26,2022-05-29,17:00:00,None,None,None,None,None
Cranwell,2022-05-26,2022-05-29,18:00:00,11.812,9.7,14,11.3,11,12,11.9,11.1,12.8,10.8,12.1,11.2,10.9,12.5,12,11.1,10.9,11.8,12,12,11.4,11.4,10.8,12.1,13.7,11.9,12.1,11.6,12.3,10.8,13,10.4,12.7,12.3,11.3,12.6,12.3,10.7,13,10.7,11.9,11.3,12.9,10.4,12.4,12.1,11.5,13.1,12.4,14,9.7,11.4,13,11.8
Cranwell,2022-05-26,2022-05-29,21:00:00,None,None,None,None,None
Cranwell,2022-05-26,2022-05-30,00:00:00,10.558,7.9,12.7,10.9,10.8,11.5,11,10.9,12.1,10.3,10.5,10,8.8,11.6,11.2,10.3,9.4,11.3,10.7,10.5,9,10.4,9.4,10.4,10.9,10.7,10.4,10.2,11.2,10.3,12.7,10.1,10.3,9.7,9.4,10.7,9.2,10.3,11.6,9.3,11.1,11.2,10.6,9.5,11.3,11,11.1,11.2,11.7,11.5,7.9,10.8,11,10.6
Cranwell,2022-05-26,2022-05-30,03:00:00,None,None,None,None,None
Cranwell,2022-05-26,2022-05-30,06:00:00,8.378,6.7,9.7,8.8,8.7,8.4,8.6,8.5,9.6,8.6,8.3,8.4,7.9,8.8,8.8,8.4,9,8.2,8,8.6,6.7,9,7.4,8.1,9.1,8.5,8.7,7.6,9.2,8.1,9.5,8.6,7.2,8.7,8.4,8.7,7.4,8.4,9,7.9,7.6,9.7,8.4,7.7,8.1,8.2,7.9,9.4,8.6,7.7,7.2,8.4,8.2,8.4
Cranwell,2022-05-26,2022-05-30,09:00:00,None,None,None,None,None
Cranwell,2022-05-26,2022-05-30,12:00:00,12.118,10,14.9,11.8,10.1,11.9,11.6,10.5,14.9,13.3,12.5,13.2,11.7,12.2,12.8,12.8,14.4,13.6,11.2,13,10.9,12.9,11.9,11.6,12.4,11.8,12.4,10.8,12.5,11.9,10.8,12.4,13.6,13,12.5,10.7,10.7,10.9,12.8,11.9,12.3,11.1,10.1,11.1,12.1,12.3,12.6,13.7,10,14.3,11.4,12.8,12.2,12.1
Cranwell,2022-05-26,2022-05-30,15:00:00,None,None,None,None,None
Cranwell,2022-05-26,2022-05-30,18:00:00,12.858,10,16.3,13,10.7,12.9,12.8,11.3,16.3,13.4,12.8,14.1,12.3,13.8,13.3,11.6,12.1,14.1,12.8,13.3,11.6,13,13.1,13.1,12.5,13.1,13.1,12.7,13.8,12.3,11.8,12.9,14.7,13.2,13.6,11.2,11.4,11.8,13.4,12.7,13.3,11.3,13.5,12.3,13.2,13.4,13,14,10,15.3,11.9,13.2,12.9,12.9
Cranwell,2022-05-26,2022-05-30,21:00:00,None,None,None,None,None
Cranwell,2022-05-26,2022-05-31,00:00:00,11.616,9.6,15.8,12.3,10.4,11.2,10.8,11.1,15.8,12.3,10.2,11.8,10.3,11.7,12.3,10.8,9.8,10.5,10.9,11.1,10.8,10.8,12.8,12.6,10.1,12.6,12.7,12.2,13.4,11.9,11.6,10.8,14.4,10.6,10.8,10.5,10.1,11.6,10.2,10.8,12.4,10.8,13.4,11.4,12.9,12.9,12.8,11.5,9.9,15.2,10.9,9.6,12.5,11.6
Cranwell,2022-05-26,2022-05-31,03:00:00,None,None,None,None,None
Cranwell,2022-05-26,2022-05-31,06:00:00,8.272,5.8,11.6,8.3,8.8,7.4,5.8,8.9,11.6,7.7,8.3,8,7.7,8.1,8,6.8,7.9,8.2,9,8.6,8.8,6.8,9.3,7.2,7.9,6.9,9.3,7.2,10.5,9,8,8.4,10.1,7.9,8.4,7.5,8.2,9.1,7.6,7.6,8.1,8.6,9.3,7.6,8.9,8.3,9.7,7.5,6.8,10.3,7.9,8.3,7.5,8.3
Cranwell,2022-05-26,2022-05-31,09:00:00,None,None,None,None,None
Cranwell,2022-05-26,2022-05-31,12:00:00,14.534,11.9,18.3,13.8,15,15.2,14.2,13.8,18.3,15.8,13,15.4,12.9,14.8,15,12.5,13,15.7,16.5,14.3,15.7,13.9,14.5,13.9,13.3,15.5,16.1,14.4,16.6,13.7,13.8,12.8,14.9,13.4,15,14,14.2,14.1,13.6,11.9,15.1,13.6,13.6,14.6,15.2,15.5,18,14.8,13,18.1,13.2,13.1,14.4,14.5
Cranwell,2022-05-26,2022-05-31,15:00:00,None,None,None,None,None
Cranwell,2022-05-26,2022-05-31,18:00:00,15.388,12.7,18.9,14.3,15.5,16.3,15.1,14.6,18.8,17,13.4,17.5,14.6,15.5,15.9,12.7,13.9,16.1,16.6,15.7,15.8,15.2,14.6,16.5,13.7,15.8,16.5,14.8,18.9,15.2,14.6,14.4,15.5,13.6,15.3,16.1,14.9,14.9,14,14.2,16,13,14.3,15,15.3,16.2,18.3,16.4,14.8,18.3,13.6,14.4,15.8,15.4
Cranwell,2022-05-26,2022-05-31,21:00:00,None,None,None,None,None
Cranwell,2022-05-26,2022-06-01,00:00:00,14.114,10.7,17.7,13.3,15.2,13.9,14.7,13.6,17.2,12.6,11.3,15.2,12.7,15,14.1,11.5,12.8,14.9,12.2,15.4,14.9,14.4,11.5,16,12.4,14.8,16,12.9,17.7,14.9,14,14,13.8,10.7,14.4,15.7,14.5,14.2,13.3,14.1,15.6,12.6,12.7,13.4,13.8,14.4,15.6,15.7,14.2,16.6,12.6,13.4,15.3,14.1
Cranwell,2022-05-26,2022-06-01,06:00:00,9.894,7.6,14,10.1,12.2,10.1,9.3,9.1,12.2,8.8,8.9,11.2,8.6,9,8.6,7.8,8,11.1,12.3,10.2,9.4,8.5,10,9.9,7.6,9.1,12.2,8.9,14,10.7,8.8,8.3,10.9,8.3,9.9,10.4,8.9,9.4,9.1,9.5,11.8,9.8,8.4,9.6,12.4,10.9,12.6,8.6,9.5,12.2,9.6,9,9,9.9
Cranwell,2022-05-26,2022-06-01,12:00:00,16.718,12.7,23.4,14.9,18.3,15.3,15.2,16,16.9,14.7,12.9,20.2,16.3,17.2,16.5,14.8,16.2,15.7,17.7,15.2,15.6,15.1,18.9,17.2,16.6,16.7,18.8,16.6,21.6,18.9,16.9,15,16.5,14.1,18.3,17.5,15.6,17.5,13.8,16.7,17.4,15.1,16.9,17.3,21.2,17,17.9,17.1,15.9,23.4,12.7,15,17.1,16.7
Cranwell,2022-05-26,2022-06-01,18:00:00,17.966,13.5,23.8,16.2,21.2,16.8,16.5,17.9,18.7,16.2,13.5,21.7,17,18.3,17.1,15.4,17,18.7,17.8,16.5,16.6,15.7,21.6,17.6,17.8,16.9,21.8,17.7,23.8,21.2,17.6,16.2,16.9,15.7,19.6,18.3,16.5,18.4,15.4,18.4,18.6,16.4,17.9,18.8,21.2,19,20.8,17.9,16.6,23,13.5,16.3,18.1,18.0
Cranwell,2022-05-26,2022-06-02,00:00:00,16.562,11.3,21.2,15.5,20.1,15.7,14.6,15.6,17.8,16,11.3,20.5,16.2,18,16.3,14,16.4,18.1,15.9,14.3,12.7,14.7,17.1,17.2,17.4,15.4,20.7,16,21.2,20.2,16.7,14.7,15.4,14.2,17.8,15.7,14.7,17.8,15.2,18.2,16.4,15.9,17.5,17.1,20.2,18.3,19.3,16.5,15.3,17.4,12.1,16,16.8,16.6
Cranwell,2022-05-26,2022-06-02,06:00:00,11.522,7.8,15.6,10.6,14.6,11.3,9.3,12.8,15.6,9.9,10.4,15.4,10.1,13.1,11,9.1,11.6,12.2,9.1,10.6,8.5,8.8,14.8,12.3,12.1,9.1,13,11.8,14.8,13.5,10.6,10.3,12.5,7.8,11.3,11.1,9.7,11.3,9.5,12,13.3,9.3,12.9,12.1,14.6,11.7,13.4,10.2,10.3,13.4,9,11.4,13,11.5
Cranwell,2022-05-26,2022-06-02,12:00:00,17.512,12.6,22.2,16.9,19,14.7,18.1,22.2,21.1,16.7,14.9,20.7,16.3,15.1,16.8,16.8,16.4,18.4,14.5,16.5,15.4,15.8,18.1,15.5,17.3,16.3,17.7,15.1,16.9,21.1,18.7,15.6,17.3,17.7,17.4,17.8,15.5,19.1,16.3,21.7,18.3,16.9,16.6,20.3,20.9,18.1,18.8,14.6,18.4,20.2,12.6,19.1,19.4,17.5
Cranwell,2022-05-26,2022-06-02,18:00:00,18.764,13.6,24.8,18.1,19.5,17.2,18.7,24.8,21.7,16.9,15.7,21.1,17.9,19.6,17.4,17.2,17.6,18.7,14.6,18.4,16.5,16.4,18.4,19.9,18.1,17.9,20.2,19,17.6,22.3,19.5,16.2,17.6,18.5,18.2,19.4,17.6,20.1,16.5,22.8,19.2,17.9,19.5,21.9,21.5,18.6,20.1,15.6,19,20.7,13.6,20.2,22.6,18.8
Cranwell,2022-05-26,2022-06-03,00:00:00,16.744,11.6,22,17.1,17.7,13.8,17.2,20.1,17.7,15.4,13.3,18.9,17.5,18,16.1,15.9,17,15.4,12.6,17,15.8,14.8,17,18.8,16,17,18.2,17.1,15.4,21,18.2,13.3,15,16.7,15.8,17.2,16.4,17.6,14.4,20.4,18.4,17,17.4,16.5,17.6,15.5,18.6,14.4,16.7,16.5,11.6,18.2,22,16.7
Cranwell,2022-05-26,2022-06-03,06:00:00,12.088,8.3,16.3,10.1,12.3,10.3,10.1,16,15,10.1,11.2,13.1,12.7,11.4,11.8,12,12.2,12.3,10.8,9.5,9.4,9.1,12.3,14.5,12.2,12,13.2,13,11.9,14,14.4,11.3,10.3,11.4,11.9,11.5,11,13.5,12.2,15,12.9,10,12.9,13.5,13.4,12.1,12.4,9.6,11.6,12.6,8.3,13.8,16.3,12.1
Cranwell,2022-05-26,2022-06-03,12:00:00,17.808,12.3,22.9,17,18.1,15.1,16.4,22.3,19.5,16.5,14.2,17.4,18.3,18.6,16.4,18.8,18.5,16.1,17,20.1,17,16.8,17.6,20.4,19.2,15.7,18.3,17.9,19.7,14.6,20.1,12.3,15.5,20.2,15.7,15.9,16.9,22.9,16.6,21.8,15.7,16.5,19.1,21.1,19.8,15.8,18.6,16.5,16,18.9,16.2,18.6,22.2,17.8
Cranwell,2022-05-26,2022-06-03,18:00:00,18.554,13.5,23.1,18.4,18.2,16.1,16.9,22.5,20.4,17.7,13.5,17.4,18.4,20.3,19,19.7,19.3,16.7,17.3,20.9,18.3,17.1,18.7,21.6,19.2,17.1,18.8,18.5,20.9,15.2,20.3,14.8,15.6,20.8,14.9,16,18,23.1,18.4,22.2,16.4,16.7,19.6,22.4,19.9,17.5,19.9,17,16,19.6,16.6,20.8,23.1,18.6
Cranwell,2022-05-26,2022-06-04,00:00:00,16.392,11.6,21.6,17.4,16.5,14,13.4,19,18.5,17.1,12.2,13.3,16.3,19,16.7,17.4,17.5,14.9,14.8,19.5,17.3,14.1,16.5,20.7,12.9,14.7,15.4,17.3,20.7,15.1,19,13,12.4,17.9,11.6,13.6,15.5,18.9,16.1,19.4,15.5,14.2,16.1,19.2,18.4,14.2,17,13.5,14.7,19,15.9,20.7,21.6,16.4
Cranwell,2022-05-26,2022-06-04,06:00:00,12.178,9.3,15.4,11.6,12.4,10,10.9,12.9,15.3,13.5,10.7,12,13.2,15,13.2,12.2,10.5,10.1,10.4,13.5,11.7,11.4,10.6,14.6,11.5,11,11.2,11.8,14.5,11.1,13,10.2,9.3,14.8,11,10.5,10.4,13.3,10.8,14.3,10.5,11,13.1,14.5,12.4,13.3,11.9,10.3,11.2,15.2,10.7,15.4,15,12.2
Cranwell,2022-05-26,2022-06-04,12:00:00,17.134,13.3,24.2,16.1,17,15.3,13.6,18.3,18,17,14.3,15.6,19.7,21,18.3,15.6,19.3,17.3,17.1,17.4,16,15.3,17.4,15,15.4,13.3,17,17.9,21,16.3,22.1,17,14.5,24.2,15,14.5,18.1,18.5,15.3,16.7,15.8,14.9,19.6,18,16.8,17.8,17.9,14.2,15.7,20.2,15.7,18.2,20.5,17.1
Cranwell,2022-05-26,2022-06-04,18:00:00,17.95,12.6,24.9,16.3,18,17.1,14.3,18.9,19.6,19,14.7,16.1,20,21.5,19.1,14.1,20,18,17.6,18,16.4,15.8,19.4,12.6,16.2,14.1,17.6,19.9,21.4,17.2,23.8,17.5,15.6,24.9,15.5,14.7,19.1,19.1,16.2,17.6,16.8,16.3,20.3,20.1,18.1,17.4,18.2,16.5,16,21.2,18.2,20,21.5,18.0
Cranwell,2022-05-26,2022-06-05,00:00:00,16.346,11.7,23.3,15,16.6,15,14,17.1,19.3,16.2,13.4,13.9,19,17.4,18.4,12.1,18.2,16.5,17,17.1,14.2,14.8,18.6,11.7,14.4,12.8,16.6,18.3,19.1,15.7,23.3,13.8,14.8,22,13.6,12.4,16.1,17.8,15.9,15,13.7,15.6,17.8,17.6,17.5,14.2,17.8,16.4,13.6,18.2,17.6,19.6,20.6,16.3
